date,open,high,low,close,volume
2017-01-03,41.67,41.72,41.0,41.0,52714
2017-01-04,40.71,40.71,39.7563,39.9,20773
2017-01-05,39.94,40.43,39.9,40.02,22575
2017-01-06,39.58,39.72,39.23,39.5999,13926
2017-01-09,39.41,39.575,39.0,39.4,28419
2017-01-10,39.2,39.68,39.1101,39.27,7746
2017-01-11,39.21,39.79,39.01,39.05,12839
2017-01-12,39.18,39.91,39.18,39.28,40409
2017-01-13,39.33,39.73,39.28,39.68,14679
2017-01-17,40.05,40.21,39.9504,39.99,25338
2017-01-18,39.9,39.9,39.4,39.54,13421
2017-01-19,39.4605,39.84,39.43,39.43,73741
2017-01-20,39.29,39.29,38.58,38.68,27708
2017-01-23,38.73,39.1,38.66,38.67,28157
2017-01-24,38.28,38.2842,37.24,37.34,34812
2017-01-25,36.85,36.88,36.67,36.74,80196
2017-01-26,36.7981,36.9766,36.7174,36.94,7815
2017-01-27,36.98,37.1427,36.9281,37.03,39752
2017-01-30,37.38,38.0314,37.16,37.27,15792
2017-01-31,37.49,37.49,37.06,37.06,7384
2017-02-01,36.68,36.79,36.341,36.5,10353
2017-02-02,36.67,36.86,36.48,36.72,50132
2017-02-03,36.3662,36.45,36.271,36.45,31104
2017-02-06,36.5,36.52,36.31,36.48,16159
2017-02-07,36.51,36.61,36.3678,36.56,10816
2017-02-08,36.7283,37.0001,36.7283,36.77,22963
2017-02-09,36.8175,36.8175,36.4085,36.46,6089
2017-02-10,36.43,36.44,36.26,36.41,5873
2017-02-13,36.34,36.35,36.03,36.03,16709
2017-02-14,35.75,35.79,35.04,35.04,29813
2017-02-15,34.55,34.85,34.06,34.35,45903
2017-02-16,34.34,35.23,34.34,34.57,19038
2017-02-17,34.8494,34.86,34.5,34.5406,15821
2017-02-21,34.51,34.86,34.32,34.78,9599
2017-02-22,35.09,35.365,34.95,35.1298,27253
2017-02-23,35.24,35.95,35.24,35.86,28042
2017-02-24,36.8,36.8,36.08,36.18,23226
2017-02-27,35.98,35.98,35.32,35.5,10360
2017-02-28,35.53,35.94,35.39,35.53,29165
2017-03-01,34.9101,35.37,34.9101,35.37,16364
2017-03-02,35.57,35.71,35.39,35.71,26403
2017-03-03,35.29,35.38,35.05,35.09,80051
2017-03-06,35.0319,35.15,34.77,34.79,6515
2017-03-07,34.89,34.9,34.56,34.86,8150
2017-03-08,34.61,34.88,34.34,34.8522,22285
2017-03-09,34.85,35.02,34.53,34.71,12660
2017-03-10,34.51,34.65,34.441,34.49,16777
2017-03-13,34.58,34.59,34.3,34.42,131561
2017-03-14,34.58,34.72,34.3522,34.61,15712
2017-03-15,34.51,34.51,34.2013,34.25,8709
2017-03-16,33.998,34.07,33.64,33.6739,14721
2017-03-17,33.52,33.52,33.259,33.4,9097
2017-03-20,33.31,33.46,33.2,33.3356,10757
2017-03-21,33.05,33.93,33.03,33.89,49980
2017-03-22,33.91,34.15,33.74,33.87,29619
2017-03-23,33.97,34.34,33.56,34.2,130196
2017-03-24,34.15,34.48,33.7,33.85,19712
2017-03-27,34.23,34.23,32.96,33.06,25834
2017-03-28,32.8443,32.94,32.41,32.46,61668
2017-03-29,32.21,32.27,32.0,32.07,13021
2017-03-30,31.96,32.05,31.89,31.95,3275
2017-03-31,31.93,31.9573,31.77,31.95,4998
2017-04-03,31.8729,32.15,31.83,32.0016,41820
2017-04-04,32.03,32.14,31.56,31.63,75230
2017-04-05,31.31,31.96,31.125,31.96,20216
2017-04-06,31.904,31.904,31.42,31.69,42167
2017-04-07,31.75,32.06,31.64,32.03,6793
2017-04-10,32.11,32.45,31.98,32.45,3782
2017-04-11,32.9,33.06,32.6011,32.8,12567
2017-04-12,32.77,32.9,32.3219,32.44,29398
2017-04-13,32.39,32.74,32.15,32.74,19768
2017-04-17,32.65,32.65,31.9,31.9,6255
2017-04-18,32.06,32.15,31.76,31.93,14230
2017-04-19,31.52,32.3,31.52,31.98,18874
2017-04-20,31.5576,31.57,31.49,31.57,8491
2017-04-21,31.7,31.86,31.35,31.42,14894
2017-04-24,30.64,30.7139,30.54,30.67,39548
2017-04-25,30.24,30.25,29.9,29.9802,43068
2017-04-26,29.98,30.18,29.96,30.18,10229
2017-04-27,30.05,30.21,30.0363,30.1001,3739
2017-04-28,30.3,30.37,30.02,30.02,14986
2017-05-01,29.87,29.87,29.248,29.248,15323
2017-05-02,29.32,29.5192,29.32,29.48,37270
2017-05-03,29.42,29.69,29.38,29.65,31084
2017-05-04,29.55,29.7612,29.53,29.62,4566
2017-05-05,29.27,29.6524,29.25,29.65,17298
2017-05-08,29.67,29.93,29.6056,29.86,20581
2017-05-09,29.75,29.94,29.7003,29.929,40502
2017-05-10,29.97,30.11,29.78,30.11,32288
2017-05-11,30.27,30.61,29.9,29.9,20726
2017-05-12,29.93,30.15,29.8542,30.15,14736
2017-05-15,29.978,30.0,29.92,29.94,11304
2017-05-16,29.96,30.215,29.93,30.1301,5189
2017-05-17,30.66,31.54,30.37,31.5,52427
2017-05-18,31.16,31.2211,30.63,30.87,48687
2017-05-19,30.57,30.57,29.96,30.37,15289
2017-05-22,29.79,29.96,29.673,29.81,10175
2017-05-23,29.68,30.0637,29.6736,29.98,9219
2017-05-24,30.04,30.12,29.83,29.87,10446
2017-05-25,29.75,29.92,29.74,29.7852,9240
2017-05-26,30.02,30.02,29.7653,29.82,10331
2017-05-30,29.85,29.85,29.39,29.39,18644
2017-05-31,29.24,29.64,29.24,29.41,24055
2017-06-01,29.23,29.27,29.1571,29.16,8011
2017-06-02,29.19,29.19,29.06,29.1889,3580
2017-06-05,29.14,29.21,28.9998,29.17,5392
2017-06-06,29.33,29.5137,29.21,29.51,3604
2017-06-07,29.33,29.6966,29.3152,29.44,14177
2017-06-08,29.29,29.3,28.9968,29.06,10042
2017-06-09,28.97,29.6075,28.91,29.1224,20539
2017-06-12,29.22,29.51,29.16,29.22,17562
2017-06-13,28.94,29.0179,28.8366,28.96,14670
2017-06-14,28.74,28.84,28.7,28.75,12583
2017-06-15,28.88,29.05,28.73,28.77,23588
2017-06-16,28.73,28.8795,28.44,28.48,158884
2017-06-19,28.1,28.14,27.92,27.92,86762
2017-06-20,28.09,28.3875,28.0608,28.09,16135
2017-06-21,27.87,27.99,27.8001,27.89,27471
2017-06-22,27.95,28.04,27.74,28.04,21519
2017-06-23,28.01,28.01,27.76,27.76,8686
2017-06-26,27.56,27.68,27.3,27.3,7627
2017-06-27,27.27,27.59,27.1101,27.58,21009
2017-06-28,27.23,27.31,27.0853,27.24,21560
2017-06-29,27.47,28.5696,27.41,27.51,17825
2017-06-30,27.31,27.5911,27.28,27.43,8458
2017-07-03,27.06,27.53,26.9301,27.53,15127
2017-07-05,27.54,27.8899,27.54,27.57,11436
2017-07-06,27.92,28.31,27.77,28.24,29216
2017-07-07,28.0002,28.04,27.9,28.0,4885
2017-07-10,28.0,28.05,27.4,27.45,17307
2017-07-11,27.46,27.92,27.26,27.31,18581
2017-07-12,27.04,27.06,26.8,26.8984,15080
2017-07-13,26.85,26.87,26.62,26.75,22492
2017-07-14,26.78,26.78,26.42,26.42,17100
2017-07-17,26.1,26.18,26.01,26.03,43014
2017-07-18,26.27,26.48,26.2,26.24,38166
2017-07-19,26.1,26.28,25.88,26.19,56301
2017-07-20,26.13,26.31,26.1,26.1,18845
2017-07-21,26.2,26.44,26.07,26.07,58132
2017-07-24,25.95,25.95,25.65,25.71,22933
2017-07-25,25.51,25.71,25.48,25.7,76612
2017-07-26,25.63,25.66,25.45,25.56,47027
2017-07-27,25.44,26.02,25.35,25.51,49200
2017-07-28,25.56,25.56,25.36,25.51,22175
2017-07-31,25.49,25.51,25.29,25.33,26230
2017-08-01,25.13,25.1925,24.969,24.99,45763
2017-08-02,24.84,25.23,24.84,25.16,55355
2017-08-03,25.28,25.57,25.28,25.5504,23217
2017-08-04,25.5,25.67,25.35,25.64,156948
2017-08-07,25.5611,25.65,25.5611,25.6,7712
2017-08-08,25.64,26.35,25.465,26.08,62102
2017-08-09,26.3,26.5726,25.89,26.41,155807
2017-08-10,26.75,27.42,26.75,27.2,199226
2017-08-11,27.59,28.24,27.2673,28.1,136519
2017-08-14,27.24,27.25,26.3,26.3,123042
2017-08-15,25.87,26.42,25.84,26.3,88890
2017-08-16,26.36,26.36,25.95,26.07,67440
2017-08-17,26.4,27.6701,26.2,27.67,156554
2017-08-18,27.29,27.57,26.65,27.31,86633
2017-08-21,27.37,27.5,27.04,27.04,47919
2017-08-22,26.5,26.528,26.12,26.1201,29280
2017-08-23,26.58,26.58,26.2537,26.39,21910
2017-08-24,26.17,26.85,26.16,26.51,23174
2017-08-25,26.42,26.65,26.42,26.48,18882
2017-08-28,26.31,26.52,26.284,26.34,18790
2017-08-29,26.98,27.0,26.37,26.51,20451
2017-08-30,26.38,26.5,26.34,26.47,10688
2017-08-31,26.45,26.58,26.2701,26.29,12914
2017-09-01,26.17,26.29,26.08,26.18,25988
2017-09-05,26.61,27.155,26.51,26.66,56357
2017-09-06,26.38,26.89,26.38,26.79,68934
2017-09-07,26.874,27.09,26.7,26.79,28064
2017-09-08,27.09,27.31,27.031,27.24,160923
2017-09-11,26.7,26.86,26.56,26.64,39185
2017-09-12,26.49,26.65,26.31,26.31,32876
2017-09-13,26.3,26.3,25.86,25.86,26360
2017-09-14,25.91,26.01,25.68,26.01,19616
2017-09-15,26.04,26.06,25.82,25.9,25013
2017-09-18,25.75,25.84,25.26,25.31,93206
2017-09-19,25.3,25.6,25.25,25.56,25657
2017-09-20,25.44,25.76,25.35,25.39,46292
2017-09-21,25.32,25.4738,25.27,25.45,36880
2017-09-22,25.69,25.83,25.57,25.65,24954
2017-09-25,25.8199,26.09,25.64,25.64,24519
2017-09-26,25.55,25.6299,25.4,25.45,26595
2017-09-27,25.35,25.539,25.35,25.41,10958
2017-09-28,25.48,25.5,25.35,25.36,166530
2017-09-29,25.38,25.43,25.15,25.17,32306
2017-10-02,25.18,25.18,24.76,24.76,31218
2017-10-03,24.59,24.7299,24.58,24.68,129579
2017-10-04,24.7565,24.7565,24.67,24.68,5571
2017-10-05,24.72,24.72,24.34,24.35,77329
2017-10-06,24.37,24.58,24.355,24.45,31706
2017-10-09,24.36,24.8,24.36,24.75,40986
2017-10-10,24.55,24.74,24.48,24.48,27771
2017-10-11,24.53,24.53,24.23,24.28,19902
2017-10-12,24.32,24.329,24.08,24.2699,10966
2017-10-13,24.07,24.09,23.905,24.02,24421
2017-10-16,23.87,23.87,23.67,23.67,24345
2017-10-17,23.66,23.81,23.58,23.6,29910
2017-10-18,23.52,23.69,23.36,23.67,115356
2017-10-19,23.98,24.12,23.54,23.56,75309
2017-10-20,23.33,23.38,23.29,23.3299,38790
2017-10-23,23.2,23.66,23.15,23.6,47321
2017-10-24,23.42,23.68,23.3606,23.68,17485
2017-10-25,23.729,24.56,23.729,23.98,54019
2017-10-26,23.88,23.88,23.67,23.81,31615
2017-10-27,23.62,23.76,23.22,23.28,38158
2017-10-30,23.32,23.43,23.08,23.299,72725
2017-10-31,23.06,23.25,23.0475,23.12,23519
2017-11-01,22.92,23.21,22.87,23.2,165071
2017-11-02,23.16,23.499,23.16,23.29,17185
2017-11-03,23.17,23.42,23.17,23.39,7498
2017-11-06,23.42,23.52,23.3775,23.42,33490
2017-11-07,23.42,23.7,23.38,23.58,49140
2017-11-08,23.63,23.74,23.54,23.67,10754
2017-11-09,24.2,24.44,23.86,23.86,65483
2017-11-10,24.11,24.27,24.06,24.23,47403
2017-11-13,24.42,24.43,24.04,24.32,40735
2017-11-14,24.6,24.8952,24.51,24.71,38723
2017-11-15,25.08,25.38,24.88,25.12,108131
2017-11-16,24.68,24.68,24.39,24.56,64838
2017-11-17,24.58,24.59,24.273,24.31,20088
2017-11-20,24.04,24.05,23.82,23.93,22891
2017-11-21,23.61,23.679,23.46,23.46,46520
2017-11-22,23.29,23.45,23.27,23.3,45366
2017-11-24,23.28,23.28,23.2,23.2,99775
2017-11-27,23.31,23.39,23.22,23.36,87825
2017-11-28,23.24,23.3198,23.22,23.22,23100
2017-11-29,23.18,23.57,23.18,23.5,21084
2017-11-30,23.35,23.45,23.2634,23.4133,21913
2017-12-01,23.65,24.629,23.52,23.82,129024
2017-12-04,23.25,23.48,23.05,23.42,53910
2017-12-05,23.31,23.52,23.21,23.32,20798
2017-12-06,23.449,23.53,23.339,23.37,26012
2017-12-07,23.35,23.35,23.02,23.08,28905
2017-12-08,22.83,22.8789,22.74,22.8,38931
2017-12-11,22.73,22.94,22.7,22.7,46758
2017-12-12,22.67,22.73,22.54,22.71,50089
2017-12-13,22.58,22.61,22.47,22.55,27104
2017-12-14,22.44,22.58,22.37,22.4399,19947
2017-12-15,22.37,22.375,22.09,22.15,46142
2017-12-18,21.89,21.89,21.72,21.72,119575
2017-12-19,21.57,21.86,21.57,21.7,41999
2017-12-20,21.5001,21.69,21.5001,21.66,35011
2017-12-21,21.51,21.58,21.42,21.46,142527
2017-12-22,21.34,21.45,21.3286,21.37,25891
2017-12-26,21.32,21.33,21.15,21.23,37658
2017-12-27,21.19,21.25,21.04,21.21,197398
2017-12-28,21.09,21.18,21.06,21.14,144391
2017-12-29,21.08,21.224,21.0252,21.15,39643
2018-01-02,21.1,21.13,20.81,20.81,25728
2018-01-03,20.59,20.6,20.5,20.53,45874
2018-01-04,20.36,20.64,20.3572,20.59,20610
2018-01-05,20.63,20.64,20.5,20.51,26794
2018-01-08,20.48,20.5,20.26,20.32,13550
2018-01-09,20.35,20.41,20.22,20.41,21506
2018-01-10,20.45,20.54,20.1496,20.21,27651
2018-01-11,20.01,20.1,19.95,20.02,24790
2018-01-12,19.96,20.01,19.88,19.99,28874
2018-01-16,19.96,20.78,19.95,20.52,162086
2018-01-17,20.48,20.61,20.28,20.38,43842
2018-01-18,20.48,20.783,20.236,20.47,36770
2018-01-19,20.42,20.51,20.27,20.459,26170
2018-01-22,20.45,20.47,20.16,20.17,33690
2018-01-23,20.3424,20.49,20.305,20.45,11720
2018-01-24,20.49,21.0,20.49,20.79,29949
2018-01-25,20.71,21.0,20.71,20.9976,20518
2018-01-26,20.8914,20.9599,20.73,20.87,54106
2018-01-29,21.08,21.45,21.0211,21.3,88179
2018-01-30,21.71,22.03,21.5,21.61,89582
2018-01-31,21.39,21.59,21.21,21.41,30116
2018-02-01,21.45,21.4528,20.812,21.06,27908
2018-02-02,21.33,22.05,21.33,21.83,166866
2018-02-05,22.33,25.07,21.6313,24.77,270190
2018-02-06,27.0,27.749,24.67,24.67,472580
2018-02-07,24.88,25.54,24.24,25.5,238578
2018-02-08,25.31,27.4999,25.31,27.48,240507
2018-02-09,26.62,28.17,25.5501,26.18,163280
2018-02-12,24.99,25.83,24.96,25.37,122772
2018-02-13,25.92,26.28,25.56,25.63,52638
2018-02-14,25.85,25.85,24.9881,25.08,29166
2018-02-15,24.6,25.0852,24.411,24.47,26740
2018-02-16,24.54,24.629,24.169,24.52,29117
2018-02-20,24.85,25.046,24.65,24.83,47581
2018-02-21,24.67,25.18,24.2595,25.16,18046
2018-02-22,24.86,25.15,24.6189,24.86,21574
2018-02-23,24.55,24.66,23.93,23.93,12397
2018-02-26,23.63,23.72,23.37,23.37,29405
2018-02-27,23.55,24.53,23.55,24.31,10103
2018-02-28,24.0348,24.8,24.0348,24.8,13193
2018-03-01,25.0874,26.109,24.91,25.71,49466
2018-03-02,26.5,26.6001,25.43,25.52,46332
2018-03-05,25.83,25.83,24.92,24.98,30108
2018-03-06,24.76,25.36,24.76,25.21,17552
2018-03-07,25.64,25.82,25.29,25.319,11749
2018-03-08,25.111,25.27,24.96,25.27,17083
2018-03-09,24.8,24.8,23.93,23.94,42263
2018-03-12,24.05,24.46,23.9778,24.45,14605
2018-03-13,24.275,24.9358,24.275,24.73,23213
2018-03-14,24.6,25.2559,24.51,25.1,7989
2018-03-15,24.93,25.16,24.63,24.63,119217
2018-03-16,24.57,24.57,24.3,24.39,13177
2018-03-19,24.66,25.49,24.66,24.93,47549
2018-03-20,25.08,25.29,24.7901,25.105,33281
2018-03-21,24.95,24.99,24.41,24.88,58444
2018-03-22,25.63,25.83,25.27,25.78,36326
2018-03-23,25.52,26.5,25.2494,26.5,158484
2018-03-26,25.72,26.12,25.62,25.67,51116
2018-03-27,25.7,27.08,25.7,26.83,30471
2018-03-28,26.7,27.64,26.6899,27.32,43762
2018-03-29,26.98,27.0517,26.3,26.45,35544
2018-04-02,26.75,27.87,26.65,27.24,110717
2018-04-03,27.11,27.44,26.83,26.83,23303
2018-04-04,27.69,27.7472,26.72,26.76,43367
2018-04-05,26.69,26.81,26.53,26.56,26999
2018-04-06,26.8,27.75,26.4701,27.18,31849
2018-04-09,26.96,27.24,26.7601,27.24,16729
2018-04-10,26.75,27.1,26.75,26.8,8433
2018-04-11,27.28,27.425,27.08,27.3,28127
2018-04-12,27.075,27.075,26.56,26.72,16622
2018-04-13,26.38,26.63,26.15,26.26,51767
2018-04-16,25.89,25.89,25.52,25.52,33986
2018-04-17,25.36,25.44,24.9,25.03,52956
2018-04-18,25.17,25.4156,24.56,24.69,16565
2018-04-19,24.95,25.08,24.73,24.73,8039
2018-04-20,24.79,25.12,24.65,24.92,10142
2018-04-23,24.93,25.01,24.6737,24.885,17812
2018-04-24,24.7,25.69,24.7,25.15,7997
2018-04-25,25.19,25.56,25.13,25.44,7708
2018-04-26,25.21,25.2508,24.7501,24.84,18986
2018-04-27,24.69,24.9411,24.69,24.75,3401
2018-04-30,24.57,24.71,24.4202,24.71,3038
2018-05-01,24.75,24.89,24.44,24.44,5079
2018-05-02,24.37,24.43,23.93,24.36,12887
2018-05-03,24.7,25.1,24.45,24.61,28674
2018-05-04,24.6192,24.6192,24.09,24.15,25706
2018-05-07,24.06,24.205,24.0236,24.1,9474
2018-05-08,24.32,24.3569,24.2,24.2,5435
2018-05-09,23.96,24.01,23.65,23.7,30608
2018-05-10,23.64,23.64,22.94,22.96,21394
2018-05-11,22.94,23.01,22.7801,22.79,27967
2018-05-14,22.61,22.61,22.2827,22.36,52132
2018-05-15,22.66,23.05,22.6381,22.96,22772
2018-05-16,22.97,22.97,22.46,22.64,8726
2018-05-17,22.7256,22.76,22.41,22.41,13780
2018-05-18,22.55,22.7,22.55,22.67,12397
2018-05-21,22.22,22.31,22.05,22.16,50053
2018-05-22,21.99,22.46,21.98,22.46,11939
2018-05-23,22.78,22.85,22.19,22.19,13780
2018-05-24,22.23,22.67,22.13,22.2,10835
2018-05-25,22.3,22.3,22.1056,22.17,7337
2018-05-29,22.53,22.976,22.285,22.84,31684
2018-05-30,22.69,22.93,22.51,22.93,20845
2018-05-31,22.995,23.25,22.93,23.05,8236
2018-06-01,22.6395,22.695,22.5,22.55,9011
2018-06-04,22.29,22.29,22.07,22.0808,6947
2018-06-05,22.03,22.03,21.83,21.83,6630
2018-06-06,21.73,21.7842,21.42,21.42,14132
2018-06-07,21.34,21.82,21.27,21.6,14448
2018-06-08,21.6962,21.8,21.45,21.52,6197
2018-06-11,21.68,21.68,21.507,21.59,16728
2018-06-12,21.49,21.6556,21.46,21.61,21370
2018-06-13,21.5,21.64,21.32,21.6125,14337
2018-06-14,21.31,21.4,21.17,21.4,20208
2018-06-15,21.6,21.65,21.455,21.55,9269
2018-06-18,21.69,21.7575,21.245,21.2677,18765
2018-06-19,21.77,21.8737,21.5299,21.64,19387
2018-06-20,21.39,21.63,21.39,21.61,29504
2018-06-21,21.6799,22.02,21.66,21.98,18176
2018-06-22,21.7,21.83,21.65,21.82,46887
2018-06-25,22.1,23.09,22.03,22.96,39338
2018-06-26,22.643,22.83,22.55,22.76,8827
2018-06-27,22.7,23.4,22.4,23.33,14524
2018-06-28,23.46,23.715,23.08,23.2,11587
2018-06-29,22.78,23.08,22.57,23.02,77541
2018-07-02,23.63,23.631,23.06,23.07,32631
2018-07-03,22.96,23.29,22.96,23.29,5961
2018-07-05,23.06,23.18,22.87,22.88,23072
2018-07-06,22.9589,22.96,22.41,22.41,18686
2018-07-09,22.07,22.1,21.535,21.56,32578
2018-07-10,21.54,21.54,21.33,21.33,19916
2018-07-11,21.8088,21.8088,21.6,21.67,24055
2018-07-12,21.5,21.64,21.28,21.28,23600
2018-07-13,21.3,21.489,21.17,21.18,9160
2018-07-16,21.2,21.39,21.12,21.22,9550
2018-07-17,21.5,21.5,21.1677,21.39,6347
2018-07-18,21.44,21.5427,21.38,21.42,8630
2018-07-19,21.55,21.61,21.4253,21.53,3840
2018-07-20,21.53,21.76,21.53,21.58,12733
2018-07-23,21.68,21.81,21.54,21.64,22607
2018-07-24,21.29,21.69,21.29,21.47,22673
2018-07-25,21.54,21.57,21.3968,21.4499,7575
2018-07-26,21.45,21.544,21.39,21.41,5825
2018-07-27,21.36,21.89,21.36,21.66,24714
2018-07-30,21.61,22.01,21.61,21.94,12101
2018-07-31,21.67,21.7328,21.55,21.7,11816
2018-08-01,21.45,21.61,21.3162,21.5,11957
2018-08-02,21.89,21.89,21.39,21.46,20514
2018-08-03,21.36,21.42,21.22,21.42,12701
2018-08-06,21.36,21.36,20.93,21.06,24856
2018-08-07,20.9,20.9,20.69,20.8,27337
2018-08-08,20.67,20.67,20.56,20.67,9436
2018-08-09,20.74,20.81,20.58,20.81,5576
2018-08-10,21.21,21.28,21.0277,21.14,34431
2018-08-13,21.2954,21.72,20.9719,21.68,12168
2018-08-14,21.59,21.7,21.19,21.235,8220
2018-08-15,21.57,22.22,21.56,21.64,25864
2018-08-16,21.28,21.43,21.07,21.23,25162
2018-08-17,21.33,21.37,20.9,21.0399,25287
2018-08-20,20.7338,20.85,20.73,20.78,25636
2018-08-21,20.68,21.075,20.61,21.075,15632
2018-08-22,20.91,21.01,20.89,20.99,9376
2018-08-23,20.93,21.0484,20.8138,21.0,12305
2018-08-24,20.85,20.91,20.77,20.85,7879
2018-08-27,20.81,20.97,20.77,20.97,10649
2018-08-28,20.91,21.18,20.88,21.16,13286
2018-08-29,21.2,21.2631,21.06,21.2,8892
2018-08-30,21.25,21.6615,21.15,21.6615,10379
2018-08-31,21.48,21.6,21.24,21.3,18934
2018-09-04,21.35,21.62,21.28,21.34,23673
2018-09-05,21.45,21.58,21.36,21.36,21312
2018-09-06,21.47,21.92,21.4,21.78,22492
2018-09-07,21.98,22.04,21.75,21.95,15051
2018-09-10,21.75,21.82,21.5611,21.68,17010
2018-09-11,21.84,21.84,21.3157,21.34,14030
2018-09-12,21.05,21.14,20.95,21.08,30657
2018-09-13,20.7,20.82,20.6689,20.77,11345
2018-09-14,20.62,20.6613,20.4899,20.53,12961
2018-09-17,20.555,20.825,20.51,20.78,16397
2018-09-18,20.65,20.93,20.6,20.93,14257
2018-09-19,20.76,20.78,20.5866,20.73,13528
2018-09-20,20.54,20.66,20.54,20.65,17299
2018-09-21,20.62,20.7,20.48,20.65,25834
2018-09-24,20.79,20.94,20.55,20.59,36769
2018-09-25,20.46,20.735,20.36,20.72,8329
2018-09-26,20.48,20.889,20.48,20.83,12964
2018-09-27,20.66,20.67,20.5252,20.6001,10827
2018-09-28,20.74,20.77,20.63,20.6811,8169
2018-10-01,20.33,20.66,20.27,20.54,13324
2018-10-02,20.56,20.66,20.4804,20.53,8310
2018-10-03,20.466,20.7,20.46,20.57,17034
2018-10-04,20.79,21.27,20.7504,20.98,181653
2018-10-05,20.88,21.63,20.73,21.22,59334
2018-10-08,21.4,21.99,21.22,21.33,154157
2018-10-09,21.55,21.68,21.19,21.42,31050
2018-10-10,21.58,23.15,21.58,23.15,76675
2018-10-11,23.13,24.44,22.8,23.97,118041
2018-10-12,22.81,23.97,22.6901,23.03,57022
2018-10-15,23.25,23.65,23.09,23.31,28168
2018-10-16,22.99,23.1,22.59,22.68,78677
2018-10-17,22.79,23.48,22.79,22.93,55870
2018-10-18,22.79,23.51,22.61,23.36,30295
2018-10-19,23.28,23.655,23.04,23.38,13821
2018-10-22,23.09,23.725,23.09,23.4,22799
2018-10-23,24.34,24.55,23.5773,23.74,74323
2018-10-24,23.75,24.9,23.65,24.86,132562
2018-10-25,24.55,24.82,24.06,24.4,39657
2018-10-26,25.32,25.56,24.8,25.33,201730
2018-10-29,24.86,26.16,24.67,25.52,546702
2018-10-30,25.68,25.84,25.21,25.3,305745
2018-10-31,24.9,25.12,24.59,24.9,415643
2018-11-01,24.92,25.03,24.31,24.3699,24297
2018-11-02,24.13,24.88,23.89,24.54,33640
2018-11-05,24.48,24.48,23.97,24.13,6244
2018-11-06,24.17,24.17,23.64,23.71,29525
2018-11-07,23.26,23.26,22.83,22.84,138402
2018-11-08,22.86,22.88,22.431,22.63,51327
2018-11-09,22.87,23.33,22.87,23.09,44847
2018-11-12,23.14,24.05,23.14,23.97,43551
2018-11-13,24.05,24.45,23.96,24.1999,39990
2018-11-14,24.24,24.85,23.87,24.62,94283
2018-11-15,24.86,25.25,24.49,24.66,46759
2018-11-16,24.87,24.87,23.9,24.01,51225
2018-11-19,23.98,24.85,23.8686,24.84,38123
2018-11-20,25.46,25.75,25.2324,25.57,64334
2018-11-21,25.44,25.58,25.3,25.55,34898
2018-11-23,25.69,25.76,25.43,25.49,6349
2018-11-26,25.29,25.3,24.75,24.8,56497
2018-11-27,24.8562,24.91,24.441,24.56,89287
2018-11-28,24.63,24.63,23.8,23.97,23238
2018-11-29,24.19,24.64,24.1001,24.2999,21165
2018-11-30,24.26,24.335,23.8,23.8,8859
2018-12-03,22.96,23.15,22.85,23.0224,165398
2018-12-04,23.21,24.34,23.04,24.34,47858
2018-12-06,25.26,25.84,24.48,24.6,118507
2018-12-07,24.43,25.56,24.2101,25.2201,60821
2018-12-10,25.24,26.1,25.24,25.26,35878
2018-12-11,24.84,25.87,24.77,25.42,31069
2018-12-12,24.95,25.4017,24.8938,25.39,43419
2018-12-13,25.11,25.6086,25.02,25.33,37428
2018-12-14,25.73,25.88,25.55,25.76,8306
2018-12-17,25.96,26.5601,25.7831,26.36,104378
2018-12-18,26.14,26.889,26.09,26.47,64651
2018-12-19,26.4438,27.0714,26.07,26.83,101933
2018-12-20,27.14,27.57,26.89,27.06,369473
2018-12-21,26.96,27.34,26.45,27.25,103738
2018-12-24,27.48,27.71,27.21,27.29,101465
2018-12-26,26.88,27.29,26.53,26.64,101887
2018-12-27,27.24,27.91,26.9501,27.09,109216
2018-12-28,27.1,27.53,26.97,26.97,62565
2018-12-31,26.5755,26.865,26.5755,26.74,33187
2019-01-02,26.99,27.0728,26.37,26.3899,37849
2019-01-03,26.99,27.42,26.94,27.29,35583
2019-01-04,26.8447,26.88,26.1862,26.26,17930
2019-01-07,26.17,26.33,25.73,26.0,29620
2019-01-08,25.88,26.21,25.69,25.69,12246
2019-01-09,25.6,25.69,25.3293,25.48,35060
2019-01-10,25.64,25.77,25.48,25.5,38326
2019-01-11,25.8,25.8,25.15,25.2,32512
2019-01-14,25.3234,25.52,24.92,24.99,38794
2019-01-15,25.01,25.01,24.38,24.471,34660
2019-01-16,24.33,24.58,24.2301,24.58,52970
2019-01-17,24.59,24.67,24.48,24.64,53203
2019-01-18,24.26,24.45,24.0,24.17,19090
2019-01-22,24.18,24.87,24.18,24.7407,48947
2019-01-23,24.45,25.24,24.42,24.93,235919
2019-01-24,24.88,24.9346,24.368,24.3745,17729
2019-01-25,24.05,24.15,24.0,24.05,20024
2019-01-28,24.5,24.64,24.19,24.3712,149966
2019-01-29,24.5,24.51,24.15,24.35,20532
2019-01-30,24.21,24.27,23.94,23.97,28142
2019-01-31,24.13,24.13,23.47,23.47,62017
2019-02-01,23.41,23.55,23.2,23.26,35696
2019-02-04,23.37,23.37,22.86,22.94,48087
2019-02-05,22.7373,22.8,22.34,22.67,76870
2019-02-06,22.47,22.67,22.43,22.522,19748
2019-02-07,22.49,23.24,22.49,22.75,22045
2019-02-08,23.019,23.16,22.67,22.7463,118578
2019-02-11,22.56,22.8592,22.56,22.66,20540
2019-02-12,22.3134,22.59,22.3134,22.56,11081
2019-02-13,22.4,22.449,22.35,22.37,21265
2019-02-14,22.61,22.65,22.319,22.52,17591
2019-02-15,22.35,22.49,22.29,22.32,73290
2019-02-19,22.33,22.33,22.0235,22.11,21538
2019-02-20,22.09,22.2499,21.8929,21.94,34853
2019-02-21,22.15,22.19,21.8029,21.9808,17470
2019-02-22,21.96,21.96,21.58,21.67,23793
2019-02-25,21.45,21.59,21.1501,21.531,105313
2019-02-26,21.69,21.76,21.45,21.68,19470
2019-02-27,21.7508,21.97,21.42,21.56,33113
2019-02-28,21.59,21.61,21.3799,21.5,114033
2019-03-01,21.33,21.4,21.07,21.13,44069
2019-03-04,21.11,21.68,21.04,21.44,33141
2019-03-05,21.38,21.61,21.32,21.397,11827
2019-03-06,21.47,21.79,21.47,21.77,18238
2019-03-07,22.105,22.305,21.9301,22.17,36072
2019-03-08,22.57,22.78,22.36,22.36,64438
2019-03-11,22.09,22.09,21.6,21.6,25781
2019-03-12,21.4,21.5627,21.35,21.4,40786
2019-03-13,21.34,21.39,21.2093,21.25,44167
2019-03-14,21.23,21.3331,21.1274,21.21,10453
2019-03-15,21.15,21.25,21.01,21.12,82552
2019-03-18,21.11,21.23,21.01,21.1,66133
2019-03-19,21.03,21.5025,21.03,21.33,25845
2019-03-20,21.37,21.65,21.15,21.4,111705
2019-03-21,21.65,21.65,21.1531,21.3164,30584
2019-03-22,21.5,22.11,21.3,22.03,90825
2019-03-25,22.07,22.34,21.86,22.19,94639
2019-03-26,21.89,22.04,21.69,21.87,53190
2019-03-27,21.93,22.3,21.89,22.14,15351
2019-03-28,22.15,22.2814,21.97,22.01,7948
2019-03-29,21.87,21.89,21.56,21.59,17639
2019-04-01,21.4,21.4789,21.28,21.32,32330
2019-04-02,21.56,21.56,21.36,21.41,5580
2019-04-03,21.31,21.5331,21.28,21.42,18737
2019-04-04,21.3,21.3999,21.2997,21.38,5112
2019-04-05,21.32,21.32,21.12,21.12,59122
2019-04-08,21.37,21.37,20.91,21.0,43629
2019-04-09,21.245,21.48,21.13,21.4,61174
2019-04-10,21.28,21.4,21.14,21.28,49390
2019-04-11,21.25,21.25,21.02,21.1,10416
2019-04-12,20.99,21.17,20.7803,21.0,70759
2019-04-15,21.0,21.22,20.91,20.92,51603
2019-04-16,21.12,21.22,20.98,21.17,941009
2019-04-17,21.245,21.3047,21.09,21.19,70850
2019-04-18,21.25,21.29,21.09,21.11,15099
2019-04-22,21.28,21.355,20.95,20.95,9361
2019-04-23,20.95,21.09,20.85,21.09,54863
2019-04-24,20.98,21.15,20.95,20.98,64808
2019-04-25,21.1,21.3,20.9,21.3,18700
2019-04-26,21.3,21.3,21.0,21.03,17770
2019-04-29,21.09,21.23,21.05,21.23,15781
2019-04-30,21.15,21.38,21.15,21.18,6824
2019-05-01,21.15,21.54,21.039,21.53,69753
2019-05-02,21.46,21.84,21.38,21.68,95384
2019-05-03,21.46,21.46,21.12,21.17,18472
2019-05-06,22.0,22.02,21.35,21.4,96167
2019-05-07,21.99,22.8157,21.855,22.77,144433
2019-05-08,22.32,22.64,22.03,22.33,129425
2019-05-09,22.77,22.9295,22.29,22.36,41112
2019-05-10,22.37,22.71,21.63,21.63,46073
2019-05-13,22.8,23.04,22.4709,23.01,44356
2019-05-14,22.66,22.66,22.22,22.25,213545
2019-05-15,22.39,22.44,21.81,21.99,41487
2019-05-16,21.63,21.7,21.51,21.7,19368
2019-05-17,22.11,22.11,21.6786,21.81,18582
2019-05-20,22.07,22.08,21.758,21.96,35059
2019-05-21,21.82,21.82,21.61,21.68,12077
2019-05-22,21.679,21.81,21.58,21.58,7576
2019-05-23,22.1,22.31,22.07,22.15,31314
2019-05-24,21.97,22.33,21.8401,22.29,67148
2019-05-28,22.2,22.42,21.94,22.34,22499
2019-05-29,22.55,22.7045,22.36,22.58,45625
2019-05-30,22.48,22.68,22.38,22.44,16110
2019-05-31,22.85,22.9499,22.76,22.88,24794
2019-06-03,22.88,23.26,22.58,22.91,76853
2019-06-04,22.51,22.66,22.23,22.27,60798
2019-06-05,22.1,22.23,21.95,22.0,31804
2019-06-06,22.02,22.07,21.79,21.89,47582
2019-06-07,21.82,21.99,21.8,21.95,11350
2019-06-10,21.8,21.86,21.72,21.76,61757
2019-06-11,21.61,22.01,21.61,21.92,23355
2019-06-12,22.02,22.05,21.9325,21.94,13648
2019-06-13,21.87,22.044,21.87,21.95,8342
2019-06-14,22.07,22.09,21.81,21.81,14107
2019-06-17,21.9,21.9,21.66,21.66,9567
2019-06-18,21.5,21.75,21.3627,21.75,48193
2019-06-19,21.51,21.73,21.49,21.62,23833
2019-06-20,21.4,21.7825,21.33,21.35,38549
2019-06-21,21.46,21.88,21.46,21.8,76340
2019-06-24,21.71,21.76,21.59,21.76,59474
2019-06-25,21.78,22.16,21.78,22.06,23767
2019-06-26,22.01,22.13,21.96,22.05,7745
2019-06-27,21.98,22.08,21.84,21.93,11303
2019-06-28,21.7779,21.7841,21.63,21.63,5279
2019-07-01,21.22,21.28,21.04,21.14,51672
2019-07-02,21.25,21.25,20.91,20.91,19625
2019-07-03,20.93,20.975,20.77,20.8,16578
2019-07-05,21.08,21.2,20.69,20.69,31957
2019-07-08,20.97,21.14,20.79,21.12,28790
2019-07-09,21.2528,21.2528,21.0684,21.19,7182
2019-07-10,21.02,21.07,20.8727,21.02,36598
2019-07-11,20.88,21.13,20.81,20.86,42016
2019-07-12,20.8,20.9,20.7567,20.83,28682
2019-07-15,20.96,20.97,20.78,20.78,21399
2019-07-16,20.97,21.13,20.7829,21.08,12635
2019-07-17,21.1,21.3,20.9473,21.23,35443
2019-07-18,22.0,22.0,21.05,21.29,29604
2019-07-19,21.16,21.34,21.12,21.34,13209
2019-07-22,21.26,21.42,21.16,21.42,22668
2019-07-23,21.28,21.28,20.82,20.9,51979
2019-07-24,21.11,21.11,20.59,20.6165,24186
2019-07-25,20.76,20.93,20.72,20.92,49530
2019-07-26,20.858,20.858,20.5846,20.81,16436
2019-07-29,20.91,20.91,20.73,20.77,55056
2019-07-30,21.04,21.04,20.77,20.87,148421
2019-07-31,20.94,21.75,20.86,21.69,26913
2019-08-01,21.3856,22.04,21.09,21.9,138785
2019-08-02,21.94,22.14,21.75,21.96,174628
2019-08-05,22.62,23.05,22.3873,22.96,99449
2019-08-06,22.44,23.1,22.34,22.68,101049
2019-08-07,23.3,23.35,22.53,22.54,81724
2019-08-08,22.3,22.4987,21.87,21.87,212580
2019-08-09,22.16,22.43,22.01,22.35,83657
2019-08-12,23.23,23.23,22.57,23.06,14029
2019-08-13,23.23,23.23,22.31,22.33,47851
2019-08-14,23.13,23.93,23.01,23.93,172342
2019-08-15,23.37,24.01,23.37,23.54,49261
2019-08-16,23.34,23.34,23.03,23.1,38980
2019-08-19,22.68,22.79,22.48,22.5,44449
2019-08-20,22.45,22.96,22.45,22.9,40496
2019-08-21,22.79,22.79,22.55,22.64,14841
2019-08-22,22.6154,22.9276,22.6154,22.72,12275
2019-08-23,23.0346,24.271,22.7,24.1,32784
2019-08-26,23.55,24.03,23.55,23.86,63143
2019-08-27,23.71,24.3441,23.59,24.08,62281
2019-08-28,24.445,24.5699,23.94,23.95,66491
2019-08-29,23.72,23.72,23.37,23.44,24970
2019-08-30,23.5,23.7996,23.36,23.6,14182
2019-09-03,24.12,24.25,23.76,24.25,13473
2019-09-04,23.68,23.9201,23.39,23.39,44114
2019-09-05,22.99,23.15,22.9,23.05,47170
2019-09-06,22.99,23.06,22.78,22.89,50295
2019-09-09,22.54,23.02,22.54,22.68,32594
2019-09-10,23.13,23.13,22.84,22.84,14040
2019-09-11,22.83,22.83,22.72,22.79,3587
2019-09-12,22.6,22.81,22.51,22.595,44349
2019-09-13,22.62,22.6579,22.42,22.53,49542
2019-09-16,23.27,23.27,22.56,22.89,18320
2019-09-17,23.05,23.2,23.0439,23.1001,3652
2019-09-18,23.14,23.2382,22.88,22.94,18449
2019-09-19,22.7,22.8,22.53,22.75,23574
2019-09-20,22.64,23.38,22.64,23.38,17337
2019-09-23,23.78,23.78,23.2,23.41,54758
2019-09-24,23.3,23.84,23.07,23.72,191377
2019-09-25,23.62,23.99,23.53,23.53,27038
2019-09-26,23.58,23.78,23.5484,23.72,40699
2019-09-27,23.5873,24.16,23.46,23.9,31142
2019-09-30,23.65,23.77,23.47,23.67,25434
2019-10-01,23.67,24.19,23.3739,24.12,30073
2019-10-02,24.15,24.8936,24.15,24.76,331759
2019-10-03,24.91,25.27,24.5,24.5199,162329
2019-10-04,24.52,24.52,23.8884,23.94,21636
2019-10-07,24.0,24.1,23.7498,23.91,34555
2019-10-08,24.36,24.86,24.25,24.82,89913
2019-10-09,24.5,24.7,24.2834,24.55,9996
2019-10-10,24.56,24.56,24.16,24.19,9940
2019-10-11,23.66,23.79,23.41,23.66,84457
2019-10-14,23.59,23.6364,23.41,23.41,126827
2019-10-15,23.33,23.33,22.95,23.17,225576
2019-10-16,23.29,23.31,23.12,23.1756,12165
2019-10-17,23.03,23.09,22.88,22.96,15221
2019-10-18,23.12,23.3041,22.85,23.29,37510
2019-10-21,23.33,23.33,22.87,22.91,16744
2019-10-22,22.82,23.02,22.7239,22.98,104908
2019-10-23,23.05,23.1299,22.9259,22.95,39591
2019-10-24,22.93,22.97,22.8397,22.87,10133
2019-10-25,22.93,22.94,22.56,22.56,14604
2019-10-28,22.56,22.6961,22.5472,22.64,58366
2019-10-29,22.67,22.84,22.64,22.79,15787
2019-10-30,22.99,22.99,22.56,22.66,16390
2019-10-31,22.72,22.87,22.6,22.83,22165
2019-11-01,22.48,22.48,22.33,22.44,148771
2019-11-04,22.27,22.4,22.2211,22.33,15290
2019-11-05,22.2,22.58,22.2,22.54,33461
2019-11-06,22.71,22.8225,22.63,22.7165,15999
2019-11-07,22.63,22.763,22.5586,22.67,21243
2019-11-08,22.6455,22.67,22.4881,22.51,12453
2019-11-11,22.81,22.82,22.45,22.5,13699
2019-11-12,22.48,22.48,22.33,22.47,10866
2019-11-13,22.73,22.73,22.3219,22.52,14915
2019-11-14,22.48,22.65,22.35,22.38,76209
2019-11-15,22.18,22.18,22.03,22.09,17645
2019-11-18,22.22,22.3,22.037,22.14,70941
2019-11-19,22.0,22.26,21.985,22.26,24743
2019-11-20,22.3,22.75,22.1956,22.51,18095
2019-11-21,22.55,22.79,22.55,22.71,15923
2019-11-22,22.51,22.66,22.4925,22.54,8669
2019-11-25,22.22,22.24,22.11,22.13,26491
2019-11-26,22.02,22.0269,21.91,21.9277,20497
2019-11-27,21.97,21.97,21.83,21.92,14420
2019-11-29,21.97,22.1829,21.97,22.11,9334
2019-12-02,22.14,22.71,22.14,22.68,183348
2019-12-03,23.39,23.39,22.95,22.95,112355
2019-12-04,22.79,22.79,22.5814,22.71,19596
2019-12-05,22.57,22.73,22.57,22.65,19179
2019-12-06,22.35,22.4,22.08,22.18,21907
2019-12-09,22.18,22.52,22.18,22.5,24543
2019-12-10,22.39,22.69,22.3558,22.69,24862
2019-12-11,22.57,22.57,22.23,22.3,14076
2019-12-12,22.3,22.36,21.8,21.83,22574
2019-12-13,21.75,21.94,21.32,21.32,25784
2019-12-16,21.03,21.16,21.02,21.09,69620
2019-12-17,21.17,21.3692,21.17,21.3032,75082
2019-12-18,21.21,21.33,21.11,21.33,41859
2019-12-19,21.2573,21.2573,21.0598,21.08,18539
2019-12-20,21.0,21.0499,20.89,21.01,36772
2019-12-23,21.0,21.12,20.95,21.11,95743
2019-12-24,21.17,21.19,21.08,21.08,118505
2019-12-26,20.96,21.113,20.95,21.02,36804
2019-12-27,21.14,21.3394,21.0949,21.28,53051
2019-12-30,21.33,21.7782,21.33,21.7499,83168
2019-12-31,21.75,21.8,21.29,21.29,22922
2020-01-02,21.14,21.14,20.82,20.82,41913
2020-01-03,21.41,21.41,21.0,21.1895,60235
2020-01-06,21.41,21.41,21.065,21.1,33154
2020-01-07,21.17,21.2,20.95,21.04,25470
2020-01-08,21.1,21.1,20.64,20.85,55611
2020-01-09,20.66,20.6996,20.45,20.51,45358
2020-01-10,20.53,20.54,20.28,20.38,106127
2020-01-13,20.33,20.33,20.2,20.23,16724
2020-01-14,20.25,20.289,20.07,20.19,35021
2020-01-15,20.14,20.14,19.93,20.11,16541
2020-01-16,19.94,19.94,19.75,19.78,39355
2020-01-17,19.83,19.9,19.7466,19.83,27115
2020-01-21,20.02,20.02,19.78,19.83,66000
2020-01-22,19.76,19.92,19.68,19.8967,32623
2020-01-23,20.19,20.36,19.9508,19.98,54053
2020-01-24,19.9481,20.47,19.9481,20.25,212241
2020-01-27,20.83,21.06,20.704,20.97,279242
2020-01-28,20.93,20.93,20.51,20.5372,41063
2020-01-29,20.25,20.7,20.25,20.63,77790
2020-01-30,20.96,21.02,20.42,20.44,43491
2020-01-31,20.48,21.28,20.48,21.15,91769
2020-02-03,20.99,21.07,20.7305,20.88,41782
2020-02-04,20.29,20.42,20.0401,20.16,213135
2020-02-05,19.9,20.11,19.82,19.93,27745
2020-02-06,19.92,20.1194,19.85,19.88,8939
2020-02-07,20.06,20.32,20.01,20.09,11872
2020-02-10,19.94,20.05,19.94,20.0069,2306
2020-02-11,19.9,20.04,19.83,20.0,18127
2020-02-12,19.9,19.9566,19.75,19.78,17628
2020-02-13,20.04,20.1,19.82,19.93,57482
2020-02-14,19.9,20.08,19.87,19.9,6226
2020-02-18,19.92,20.24,19.9114,20.15,15401
2020-02-19,20.0,20.1439,20.0,20.095,65765
2020-02-20,20.09,20.4735,20.09,20.24,20387
2020-02-21,20.38,20.77,20.38,20.55,41621
2020-02-24,21.74,21.94,21.25,21.6,320624
2020-02-25,21.5,22.7,21.45,22.4512,361448
2020-02-26,22.18,22.67,21.87,22.35,99887
2020-02-27,23.39,23.93,22.8654,23.57,283076
2020-02-28,24.74,25.0,23.53,23.6,368122
2020-03-02,23.17,23.8707,22.94,23.27,213371
2020-03-03,23.07,24.63,22.82,24.39,103062
2020-03-04,24.11,24.29,23.84,24.07,38564
2020-03-05,25.24,26.5,25.05,26.01,192823
2020-03-06,28.26,29.25,27.46,27.81,345896
2020-03-09,33.0,33.0,30.01,31.32,276517
2020-03-10,28.88,31.51,28.82,30.11,146955
2020-03-11,31.38,32.5199,31.25,31.99,99148
2020-03-12,34.24,35.59,33.33,34.79,245055
2020-03-13,32.24,35.5416,32.24,33.16,207770
2020-03-16,41.25,41.25,35.87,39.2,148333
2020-03-17,38.72,39.95,37.2621,39.61,228699
2020-03-18,43.34,49.22,41.58,46.58,411465
2020-03-19,48.0,50.9,43.1016,44.15,219790
2020-03-20,42.88,45.04,40.65,44.47,318499
2020-03-23,42.74,43.29,39.0,39.74,310912
2020-03-24,34.27,35.36,32.79,34.16,265485
2020-03-25,35.32,40.78,35.32,40.0617,159481
2020-03-26,38.99,38.99,36.88,36.88,168111
2020-03-27,38.88,40.0,38.47,39.22,44354
2020-03-30,38.65,39.17,38.14,38.21,73378
2020-03-31,38.68,38.99,37.72,38.4421,77294
2020-04-01,40.5,41.97,39.1425,41.69,227189
2020-04-02,41.22,41.44,40.33,41.32,57158
2020-04-03,40.94,41.61,40.43,40.62,53717
2020-04-06,38.73,39.3,38.5301,38.6,77481
2020-04-07,38.12,39.621,38.01,39.57,99153
2020-04-08,39.71,39.9999,38.96,39.29,42573
2020-04-09,39.13,39.42,38.6392,38.86,94655
2020-04-13,38.5,38.94,38.1389,38.37,24735
2020-04-14,37.57,37.85,37.28,37.62,29960
2020-04-15,38.64,39.37,38.1471,39.35,172206
2020-04-16,38.83,40.1,38.83,39.71,26548
2020-04-17,38.79,39.719,38.59,39.03,24247
2020-04-20,39.88,40.96,39.46,40.93,36754
2020-04-21,42.25,44.2,42.25,42.57,243344
2020-04-22,42.19,42.47,41.671,42.25,36463
2020-04-23,42.16,42.599,41.6374,42.24,31711
2020-04-24,41.62,42.06,40.76,40.85,27175
2020-04-27,40.38,40.38,39.1,39.2996,142367
2020-04-28,38.52,39.79,38.46,39.7,59531
2020-04-29,38.15,38.8,38.08,38.56,246508
2020-04-30,38.82,39.8614,38.77,38.96,106329
2020-05-01,40.49,41.93,40.0,41.79,74020
2020-05-04,42.44,42.73,41.55,41.68,41951
2020-05-05,40.84,40.9099,40.1,40.68,27647
2020-05-06,40.18,40.99,40.03,40.99,12298
2020-05-07,40.2,40.3,39.68,40.05,25732
2020-05-08,39.39,39.54,38.75,38.78,19691
2020-05-11,39.23,39.23,37.64,37.64,43963
2020-05-12,37.2,39.82,36.94,39.768,94878
2020-05-13,40.08,42.43,39.92,41.55,43582
2020-05-14,42.87,43.76,40.91,40.96,57852
2020-05-15,41.96,42.23,40.95,40.95,16830
2020-05-18,39.17,39.63,39.01,39.25,52391
2020-05-19,39.08,40.14,38.87,40.13,29029
2020-05-20,39.08,39.51,38.97,39.36,22401
2020-05-21,39.58,40.2,39.44,40.0,12404
2020-05-22,40.07,40.33,39.88,39.99,26939
2020-05-26,38.89,39.63,38.58,39.57,15126
2020-05-27,38.83,40.25,38.83,39.06,33919
2020-05-28,39.09,40.04,39.0418,39.85,86710
2020-05-29,40.75,40.75,39.44,39.56,18621
2020-06-01,40.52,40.52,39.3888,39.6,24601
2020-06-02,39.41,39.785,39.22,39.25,18379
2020-06-03,38.65,38.85,38.24,38.33,47410
2020-06-04,38.24,38.24,37.5,38.16,25630
2020-06-05,36.63,36.9,36.34,36.41,74761
2020-06-08,36.2,36.97,36.1766,36.73,326621
2020-06-09,37.37,38.01,37.2,38.01,36562
2020-06-10,38.73,38.73,37.0,37.59,43140
2020-06-11,40.08,43.0,39.23,42.78,139014
2020-06-12,41.88,44.86,41.5,42.2,174457
2020-06-15,43.77,44.53,41.51,41.51,85509
2020-06-16,40.17,42.1,39.95,41.35,77741
2020-06-17,41.25,41.9291,41.06,41.51,42528
2020-06-18,41.85,42.1,41.41,41.41,21671
2020-06-19,40.99,42.79,40.83,42.23,40126
2020-06-22,41.9,42.27,40.82,41.1909,34279
2020-06-23,40.04,40.44,39.86,40.2879,71863
2020-06-24,41.01,43.0,40.56,42.35,76238
2020-06-25,42.92,43.4,41.25,41.25,33564
2020-06-26,41.21,43.37,41.21,43.29,99647
2020-06-29,42.92,43.5,41.76,41.86,21372
2020-06-30,41.97,42.109,40.0,40.24,27668
2020-07-01,40.0,40.1289,39.4501,39.83,79657
2020-07-02,38.9,40.03,38.68,39.93,49890
2020-07-06,38.69,39.74,38.69,39.54,51550
2020-07-07,39.76,40.5,39.35,40.49,36939
2020-07-08,40.27,40.78,39.87,39.89,32546
2020-07-09,39.92,41.1,39.77,40.3441,38270
2020-07-10,40.51,40.98,39.93,40.0405,35491
2020-07-13,40.0,42.685,39.85,42.6,85642
2020-07-14,42.74,43.1,40.7996,40.9,163152
2020-07-15,40.76,41.7,40.6,40.79,27143
2020-07-16,41.14,41.18,40.37,40.43,20833
2020-07-17,40.28,40.49,39.77,39.83,19366
2020-07-20,39.79,39.79,38.4,38.7632,72726
2020-07-21,38.02,39.15,37.84,38.85,55874
2020-07-22,39.36,39.535,38.7,38.75,24541
2020-07-23,38.81,39.759,38.557,39.37,65475
2020-07-24,39.94,40.41,39.74,39.81,41350
2020-07-27,39.8,40.1,39.45,39.64,35150
2020-07-28,39.7,39.8075,39.08,39.78,17471
2020-07-29,39.57,39.75,39.33,39.53,29540
2020-07-30,40.7,41.7,39.9663,40.17,30107
2020-07-31,39.38,40.785,39.38,39.68,27281
2020-08-03,39.49,39.8332,39.41,39.7894,35482
2020-08-04,39.45,39.5513,39.0,39.07,16493
2020-08-05,38.56,38.975,38.56,38.755,42519
2020-08-06,38.81,39.0327,38.61,38.64,133474
2020-08-07,39.077,39.105,38.5439,38.79,49506
2020-08-10,38.55,38.79,38.13,38.26,20341
2020-08-11,38.0,39.25,37.74,39.105,57204
2020-08-12,38.4793,38.5,37.9064,38.21,63223
2020-08-13,38.51,38.75,38.15,38.64,15562
2020-08-14,39.0,39.39,38.7401,38.95,96371
2020-08-17,38.58,38.855,38.2516,38.34,25641
2020-08-18,38.14,38.52,37.7656,37.9274,123982
2020-08-19,38.14,38.6,37.95,38.6,18102
2020-08-20,39.47,39.47,38.29,38.45,57887
2020-08-21,38.58,39.29,38.58,39.09,94874
2020-08-24,38.77,39.26,38.655,39.26,43629
2020-08-25,39.2,39.6,38.89,39.06,19630
2020-08-26,38.8,39.45,38.546,39.38,30099
2020-08-27,39.25,40.56,38.94,39.34,59490
2020-08-28,39.55,40.12,39.12,39.36,50091
2020-08-31,39.7795,40.29,39.535,40.1,68591
2020-09-01,40.36,40.76,40.2,40.48,34682
2020-09-02,40.51,41.499,40.48,41.34,48699
2020-09-03,41.28,42.9,40.52,42.03,206017
2020-09-04,41.52,43.33,40.2741,40.82,165023
2020-09-08,41.84,41.96,40.23,40.36,143181
2020-09-09,39.31,39.4899,38.86,39.36,104703
2020-09-10,39.1,40.43,39.1,39.64,71400
2020-09-11,38.71,39.56,38.71,38.83,56597
2020-09-14,38.52,39.3,38.52,39.2529,24141
2020-09-15,38.9,39.51,38.58,39.34,46361
2020-09-16,39.35,39.93,39.161,39.93,18867
2020-09-17,40.78,40.78,39.83,40.43,49463
2020-09-18,40.31,41.163,40.2,40.9,118778
2020-09-21,41.85,42.19,41.0801,41.35,53983
2020-09-22,41.38,42.1889,41.38,41.7605,67731
2020-09-23,41.63,42.74,41.63,42.74,45046
2020-09-24,43.02,43.12,41.81,42.22,27246
2020-09-25,42.45,42.45,41.49,41.58,52150
2020-09-28,41.19,41.475,41.0815,41.2,40492
2020-09-29,41.12,41.17,40.565,40.83,27415
2020-09-30,40.72,40.8934,40.56,40.68,30228
2020-10-01,40.71,41.42,40.6401,41.22,25102
2020-10-02,42.12,42.12,41.41,41.73,126404
2020-10-05,41.6,41.69,40.84,40.84,37627
2020-10-06,40.78,41.37,40.4149,40.88,57305
2020-10-07,40.85,40.85,40.4,40.71,34471
2020-10-08,40.4,40.74,40.2,40.24,24968
2020-10-09,39.97,39.97,38.8,39.14,45748
2020-10-12,38.37,38.91,38.37,38.65,35427
2020-10-13,38.945,39.19,38.5,38.72,52498
2020-10-14,38.69,38.74,38.14,38.53,43608
2020-10-15,39.65,39.65,38.47,38.57,59851
2020-10-16,38.5,38.85,38.1001,38.84,20985
2020-10-19,38.82,39.93,38.82,39.92,29817
2020-10-20,39.47,39.65,38.88,39.55,20628
2020-10-21,39.54,39.58,38.69,38.96,47152
2020-10-22,38.99,39.09,38.4601,38.65,41807
2020-10-23,38.35,38.775,38.35,38.74,14510
2020-10-26,39.05,40.7195,38.97,40.39,103959
2020-10-27,40.31,40.83,40.07,40.35,50649
2020-10-28,41.65,43.2,41.65,43.0,184550
2020-10-29,42.47,42.557,40.37,40.88,59996
2020-10-30,42.01,42.075,41.1,41.21,122381
2020-11-02,40.4,40.89,40.13,40.52,70203
2020-11-03,40.0,40.2,39.5,39.57,66361
2020-11-04,38.73,38.89,37.6,38.8,101066
2020-11-05,38.05,38.81,38.05,38.71,119956
2020-11-06,38.79,38.87,37.69,38.07,186446
2020-11-09,35.96,36.35,34.9999,36.01,258973
2020-11-10,35.89,36.64,35.72,36.19,202261
2020-11-11,35.7,36.49,35.7,36.18,60738
2020-11-12,36.19,37.21,35.9608,37.08,36615
2020-11-13,36.65,36.65,35.91,36.17,55819
2020-11-16,36.0,36.74,35.89,36.44,84170
2020-11-17,36.76,36.92,36.18,36.25,28027
2020-11-18,36.14,37.1,36.08,37.1,54161
2020-11-19,37.05,37.19,36.59,36.9,32953
2020-11-20,36.85,36.98,36.39,36.66,84130
2020-11-23,36.7,36.84,36.27,36.57,151300
2020-11-24,36.36,36.67,36.36,36.645,83617
2020-11-25,36.69,36.69,36.0,36.0,56990
2020-11-27,35.99,36.2025,35.57,36.0097,30756
2020-11-30,36.31,37.0754,35.75,35.82,108472
2020-12-01,35.58,36.04,35.425,36.04,62308
2020-12-02,36.04,36.082,35.48,35.9419,17442
2020-12-03,35.73,36.11,35.6689,36.01,41820
2020-12-04,35.87,35.95,35.78,35.85,19368
2020-12-07,36.19,36.2288,35.97,36.0,19690
2020-12-08,36.26,36.32,35.7,35.71,34154
2020-12-09,35.65,36.55,35.5399,36.3425,132222
2020-12-10,36.68,36.73,36.0601,36.64,47824
2020-12-11,36.95,37.819,36.86,37.38,141808
2020-12-14,37.06,37.69,36.761,37.63,104967
2020-12-15,37.78,37.78,37.19,37.4,38936
2020-12-16,37.81,37.81,36.75,36.96,44372
2020-12-17,36.71,37.14,36.5401,36.61,96906
2020-12-18,37.05,37.5332,36.835,37.1047,61535
2020-12-21,38.66,39.2,37.55,37.55,107581
2020-12-22,37.55,38.14,37.55,37.849,39620
2020-12-23,37.45,37.61,36.78,37.04,49552
2020-12-24,37.02,37.02,36.52,36.59,28543
2020-12-28,36.24,36.94,36.23,36.49,41174
2020-12-29,36.38,37.53,36.29,37.34,66305
2020-12-30,37.48,37.48,36.57,36.5839,59236
2020-12-31,36.65,36.8,36.1833,36.7,45858
2021-01-04,36.65,38.4611,36.65,37.47,132221
2021-01-05,38.33,38.33,36.9,37.09,58576
2021-01-06,36.74,37.23,36.0,36.79,70727
2021-01-07,36.17,36.379,35.9,36.25,108503
2021-01-08,36.2,36.67,35.965,36.23,73575
2021-01-11,36.68,37.5,36.51,37.47,47796
2021-01-12,37.2478,37.57,36.94,37.13,42308
2021-01-13,37.04,37.3078,36.8,36.91,106924
2021-01-14,36.66,37.55,36.52,37.505,42199
2021-01-15,37.96,38.5,37.66,38.18,78486
2021-01-19,37.72,38.21,37.66,37.98,83542
2021-01-20,37.98,38.14,37.81,37.92,25384
2021-01-21,37.93,38.58,37.9199,38.24,98299
2021-01-22,38.625,38.7677,38.26,38.48,45675
2021-01-25,38.45,39.8,38.45,39.79,45766
2021-01-26,39.27,39.44,38.748,39.33,135594
2021-01-27,40.13,42.66,40.13,42.02,226264
2021-01-28,41.23,41.76,40.54,41.12,314950
2021-01-29,41.95,42.82,40.77,42.55,139023
2021-02-01,41.63,43.25,41.63,41.895,91978
2021-02-02,41.19,41.2987,40.62,40.72,134311
2021-02-03,40.25,40.5463,39.85,39.91,31089
2021-02-04,39.49,39.77,39.23,39.7,108603
2021-02-05,39.44,39.95,39.41,39.86,116382
2021-02-08,39.69,40.094,39.69,40.05,39131
2021-02-09,40.33,40.46,40.09,40.46,58333
2021-02-10,40.37,41.54,40.37,41.17,78728
2021-02-11,41.01,41.82,40.99,41.23,124999
2021-02-12,41.32,41.58,40.91,41.49,55442
